student_id,age,gender,academic_level,country,avg_daily_usage_hours,most_used_platform,affects_academic_performance,sleep_hours_per_night,mental_health_score,relationship_status,conflicts_over_social_media,addicted_score,usage_group
1,19,Female,Undergraduate,Bangladesh,5.2,instagram,Yes,6.5,6,In Relationship,3,8,high
2,22,Male,Graduate,India,2.1,twitter,No,7.5,8,Single,0,3,medium
3,20,Female,Undergraduate,USA,6.0,tiktok,Yes,5.0,5,Complicated,4,9,high
4,18,Male,High School,UK,3.0,youtube,No,7.0,7,Single,1,4,medium
5,21,Male,Graduate,Canada,4.5,facebook,Yes,6.0,6,In Relationship,2,7,high
6,19,Female,Undergraduate,Australia,7.2,instagram,Yes,4.5,4,Complicated,5,9,high
7,23,Male,Graduate,Germany,1.5,linkedin,No,8.0,9,Single,0,2,low
8,20,Female,Undergraduate,Brazil,5.8,snapchat,Yes,6.0,6,In Relationship,2,8,high
9,18,Male,High School,Japan,4.0,tiktok,No,6.5,7,Single,1,5,medium
10,21,Female,Graduate,South Korea,3.3,instagram,No,7.0,7,In Relationship,1,4,medium
11,19,Male,Undergraduate,France,4.8,snapchat,Yes,6.2,5,Complicated,3,7,high
12,20,Female,Undergraduate,Spain,5.5,tiktok,Yes,5.8,6,In Relationship,2,8,high
13,22,Male,Graduate,Italy,2.8,linkedin,No,7.2,8,Single,1,4,medium
14,18,Female,High School,Mexico,6.5,instagram,Yes,5.5,5,Single,4,9,high
15,21,Male,Undergraduate,Russia,3.7,youtube,No,6.8,7,In Relationship,2,5,medium
16,20,Female,Undergraduate,China,4.2,tiktok,Yes,6.0,6,Complicated,3,7,high
17,24,Male,Graduate,Sweden,2.0,linkedin,No,7.8,8,Single,0,3,low
18,19,Female,High School,Norway,5.0,instagram,Yes,5.7,5,In Relationship,3,8,high
19,21,Male,Undergraduate,Denmark,3.5,facebook,No,6.7,7,Single,1,5,medium
20,20,Female,Undergraduate,Netherlands,4.7,snapchat,Yes,5.9,6,Complicated,3,7,high
21,18,Male,High School,Belgium,5.3,tiktok,Yes,5.5,5,Single,4,8,high
22,23,Female,Graduate,Switzerland,2.5,linkedin,No,7.3,8,In Relationship,1,4,medium
23,19,Male,Undergraduate,Austria,4.9,instagram,Yes,5.8,6,Complicated,3,7,high
24,20,Female,Undergraduate,Portugal,5.7,tiktok,Yes,5.4,5,Single,4,8,high
25,22,Male,Graduate,Greece,3.2,facebook,No,6.9,7,In Relationship,2,5,medium
26,19,Female,High School,Ireland,6.1,instagram,Yes,5.2,5,Complicated,4,9,high
27,21,Male,Undergraduate,New Zealand,3.8,youtube,No,6.6,7,Single,1,5,medium
28,20,Female,Undergraduate,Singapore,4.4,tiktok,Yes,5.9,6,In Relationship,3,7,high
29,24,Male,Graduate,Malaysia,2.2,linkedin,No,7.4,8,Single,0,3,medium
30,19,Female,High School,Thailand,5.9,instagram,Yes,5.3,5,Complicated,4,8,high
31,21,Male,Undergraduate,Vietnam,3.6,facebook,No,6.7,7,Single,1,5,medium
32,20,Female,Undergraduate,Philippines,4.8,snapchat,Yes,5.7,6,In Relationship,3,7,high
33,18,Male,High School,Indonesia,5.4,tiktok,Yes,5.4,5,Complicated,4,8,high
34,23,Female,Graduate,Taiwan,2.6,linkedin,No,7.2,8,Single,1,4,medium
35,19,Male,Undergraduate,Hong Kong,4.7,instagram,Yes,5.8,6,In Relationship,3,7,high
36,20,Female,Undergraduate,Turkey,5.6,tiktok,Yes,5.5,5,Complicated,4,8,high
37,22,Male,Graduate,Israel,3.1,facebook,No,6.8,7,Single,1,5,medium
38,19,Female,High School,UAE,6.2,instagram,Yes,5.1,5,In Relationship,4,9,high
39,21,Male,Undergraduate,Egypt,3.9,youtube,No,6.5,7,Complicated,2,6,medium
40,20,Female,Undergraduate,Morocco,4.5,tiktok,Yes,5.8,6,Single,3,7,high
41,24,Male,Graduate,South Africa,2.3,linkedin,No,7.3,8,In Relationship,1,4,medium
42,19,Female,High School,Nigeria,5.8,instagram,Yes,5.4,5,Complicated,4,8,high
43,21,Male,Undergraduate,Kenya,3.7,facebook,No,6.6,7,Single,2,5,medium
44,20,Female,Undergraduate,Ghana,4.6,snapchat,Yes,5.7,6,In Relationship,3,7,high
45,18,Male,High School,Argentina,5.5,tiktok,Yes,5.3,5,Single,4,8,high
46,23,Female,Graduate,Chile,2.7,linkedin,No,7.1,8,Complicated,1,4,medium
47,19,Male,Undergraduate,Colombia,4.8,instagram,Yes,5.9,6,In Relationship,3,7,high
48,20,Female,Undergraduate,Peru,5.5,tiktok,Yes,5.6,5,Single,4,8,high
49,22,Male,Graduate,Venezuela,3.3,facebook,No,6.7,7,In Relationship,2,5,medium
50,19,Female,High School,Ecuador,6.3,instagram,Yes,5.2,5,Complicated,4,9,high
51,21,Male,Undergraduate,Uruguay,3.8,youtube,No,6.4,7,Single,2,6,medium
52,20,Female,Undergraduate,Paraguay,4.7,tiktok,Yes,5.8,6,In Relationship,3,7,high
53,24,Male,Graduate,Bolivia,2.4,linkedin,No,7.2,8,Complicated,1,4,medium
54,19,Female,High School,Costa Rica,5.7,instagram,Yes,5.5,5,Single,4,8,high
55,21,Male,Undergraduate,Panama,3.6,facebook,No,6.5,7,In Relationship,2,5,medium
56,20,Female,Undergraduate,Jamaica,4.9,snapchat,Yes,5.6,6,Complicated,3,7,high
57,18,Male,High School,Trinidad,5.6,tiktok,Yes,5.2,5,Single,4,8,high
58,23,Female,Graduate,Bahamas,2.8,linkedin,No,7.0,8,In Relationship,1,4,medium
59,19,Male,Undergraduate,Iceland,4.6,instagram,Yes,5.9,6,Complicated,3,7,high
60,20,Female,Undergraduate,Finland,5.4,tiktok,Yes,5.7,5,Single,4,8,high
61,22,Male,Graduate,Poland,3.1,facebook,No,7.1,7,Single,1,5,medium
62,19,Female,Undergraduate,Romania,5.6,instagram,Yes,5.6,5,In Relationship,3,8,high
63,20,Male,Undergraduate,Hungary,4.2,tiktok,Yes,6.0,6,Complicated,3,7,high
64,18,Female,High School,Czech Republic,6.1,snapchat,Yes,5.2,4,Single,4,9,high
65,23,Male,Graduate,Slovakia,2.3,linkedin,No,7.4,8,In Relationship,1,3,medium
66,21,Female,Undergraduate,Croatia,4.8,instagram,Yes,5.8,6,Single,3,7,high
67,20,Male,Undergraduate,Serbia,3.9,youtube,No,6.5,7,Complicated,2,6,medium
68,19,Female,High School,Slovenia,5.7,tiktok,Yes,5.4,5,In Relationship,4,8,high
69,22,Male,Graduate,Bulgaria,2.8,linkedin,No,7.2,8,Single,1,4,medium
70,20,Female,Undergraduate,Estonia,4.5,instagram,Yes,5.9,6,Complicated,3,7,high
71,18,Male,High School,Latvia,5.4,snapchat,Yes,5.5,5,Single,4,8,high
72,21,Female,Graduate,Lithuania,3.2,facebook,No,6.8,7,In Relationship,2,5,medium
73,19,Male,Undergraduate,Ukraine,4.9,tiktok,Yes,5.7,6,Complicated,3,7,high
74,20,Female,Undergraduate,Moldova,5.8,instagram,Yes,5.3,5,Single,4,8,high
75,23,Male,Graduate,Belarus,2.5,linkedin,No,7.3,8,In Relationship,1,4,medium
76,21,Female,Undergraduate,Kazakhstan,4.6,snapchat,Yes,5.8,6,Single,3,7,high
77,19,Male,High School,Uzbekistan,5.5,tiktok,Yes,5.4,5,Complicated,4,8,high
78,22,Female,Graduate,Kyrgyzstan,2.9,facebook,No,7.0,7,In Relationship,2,5,medium
79,20,Male,Undergraduate,Tajikistan,4.7,youtube,Yes,5.9,6,Single,3,7,high
80,18,Female,High School,Armenia,5.9,instagram,Yes,5.2,5,Complicated,4,9,high
81,21,Male,Graduate,Georgia,3.0,linkedin,No,7.1,8,In Relationship,1,4,medium
82,19,Female,Undergraduate,Azerbaijan,4.8,tiktok,Yes,5.7,6,Single,3,7,high
83,20,Male,Undergraduate,Cyprus,3.8,facebook,No,6.6,7,Complicated,2,6,medium
84,22,Female,Graduate,Malta,2.7,linkedin,No,7.2,8,In Relationship,1,4,medium
85,18,Male,High School,Luxembourg,5.6,snapchat,Yes,5.3,5,Single,4,8,high
86,21,Female,Undergraduate,Monaco,4.5,instagram,Yes,5.8,6,Complicated,3,7,high
87,19,Male,High School,Andorra,5.3,tiktok,Yes,5.5,5,In Relationship,4,8,high
88,23,Female,Graduate,San Marino,2.6,linkedin,No,7.3,8,Single,1,4,medium
89,20,Male,Undergraduate,Vatican City,4.4,youtube,Yes,6.0,6,Complicated,3,7,high
90,18,Female,High School,Liechtenstein,5.8,instagram,Yes,5.2,5,Single,4,9,high
91,22,Male,Graduate,Montenegro,2.9,facebook,No,7.0,7,In Relationship,2,5,medium
92,19,Female,Undergraduate,Albania,4.7,tiktok,Yes,5.8,6,Complicated,3,7,high
93,21,Male,Undergraduate,North Macedonia,3.7,snapchat,No,6.5,7,Single,2,6,medium
94,20,Female,High School,Kosovo,5.5,instagram,Yes,5.4,5,In Relationship,4,8,high
95,23,Male,Graduate,Bosnia,2.4,linkedin,No,7.4,8,Complicated,1,4,medium
96,19,Female,Undergraduate,Qatar,4.9,tiktok,Yes,5.7,6,Single,3,7,high
97,18,Male,High School,Kuwait,5.7,snapchat,Yes,5.3,5,In Relationship,4,8,high
98,22,Female,Graduate,Bahrain,2.8,linkedin,No,7.1,8,Complicated,1,4,medium
99,20,Male,Undergraduate,Oman,4.6,instagram,Yes,5.9,6,Single,3,7,high
100,21,Female,Undergraduate,Jordan,5.4,tiktok,Yes,5.5,5,In Relationship,4,8,high
101,19,Male,High School,Lebanon,5.8,youtube,Yes,5.2,5,Complicated,4,9,high
102,23,Female,Graduate,Iraq,2.5,linkedin,No,7.3,8,Single,1,4,medium
103,20,Male,Undergraduate,Yemen,4.7,facebook,Yes,5.8,6,In Relationship,3,7,high
104,18,Female,High School,Syria,5.6,instagram,Yes,5.4,5,Single,4,8,high
105,22,Male,Graduate,Afghanistan,2.9,linkedin,No,7.0,7,Complicated,2,5,medium
106,19,Female,Undergraduate,Pakistan,4.8,tiktok,Yes,5.7,6,In Relationship,3,7,high
107,21,Male,Undergraduate,Nepal,3.8,youtube,No,6.6,7,Single,2,6,medium
108,20,Female,High School,Bhutan,5.5,snapchat,Yes,5.5,5,Complicated,4,8,high
109,23,Male,Graduate,Sri Lanka,2.6,linkedin,No,7.2,8,In Relationship,1,4,medium
110,19,Female,Undergraduate,Maldives,4.9,instagram,Yes,5.8,6,Single,3,7,high
111,20,Male,Undergraduate,Bangladesh,6.1,instagram,Yes,6.2,5,Single,4,8,high
112,21,Female,Undergraduate,India,5.8,tiktok,Yes,5.9,6,In Relationship,3,7,high
113,19,Male,Undergraduate,Nepal,4.9,facebook,No,7.1,7,Single,2,5,high
114,22,Female,Graduate,Pakistan,5.5,instagram,Yes,6.0,5,Single,4,8,high
115,20,Male,Undergraduate,Sri Lanka,5.2,tiktok,Yes,6.3,6,In Relationship,3,7,high
116,19,Female,Undergraduate,Maldives,4.8,instagram,No,7.2,8,Single,2,5,high
117,21,Male,Graduate,Bangladesh,6.0,facebook,Yes,5.8,5,In Relationship,4,8,high
118,20,Female,Undergraduate,India,5.7,instagram,Yes,6.1,6,Single,3,7,high
119,22,Male,Graduate,Nepal,4.7,tiktok,No,7.3,7,Single,2,5,high
120,19,Female,Undergraduate,Pakistan,5.4,instagram,Yes,6.2,5,In Relationship,4,8,high
121,20,Male,Undergraduate,Sri Lanka,5.9,facebook,Yes,5.9,6,Single,3,7,high
122,21,Female,Graduate,Maldives,4.6,instagram,No,7.4,8,In Relationship,2,5,high
123,19,Male,Undergraduate,Bangladesh,5.3,tiktok,Yes,6.3,5,Single,4,8,high
124,22,Female,Graduate,India,5.8,instagram,Yes,5.8,6,In Relationship,3,7,high
125,20,Male,Undergraduate,Nepal,4.5,facebook,No,7.5,7,Single,2,5,high
126,21,Female,Graduate,Pakistan,5.2,instagram,Yes,6.4,5,In Relationship,4,8,high
127,19,Male,Undergraduate,Sri Lanka,5.7,tiktok,Yes,5.7,6,Single,3,7,high
128,20,Female,Undergraduate,Maldives,4.4,instagram,No,7.6,8,In Relationship,2,5,high
129,22,Male,Graduate,Bangladesh,5.1,facebook,Yes,6.5,5,Single,4,8,high
130,21,Female,Graduate,India,5.6,instagram,Yes,5.6,6,In Relationship,3,7,high
131,19,Male,Undergraduate,Nepal,4.3,tiktok,No,7.7,7,Single,2,5,high
132,20,Female,Undergraduate,Pakistan,5.0,instagram,Yes,6.6,5,In Relationship,4,8,high
133,22,Male,Graduate,Sri Lanka,5.5,facebook,Yes,5.5,6,Single,3,7,high
134,21,Female,Graduate,Maldives,4.2,instagram,No,7.8,8,In Relationship,2,5,high
135,19,Male,Undergraduate,Bangladesh,4.9,tiktok,Yes,6.7,5,Single,4,8,high
136,20,Female,Undergraduate,India,5.4,instagram,Yes,5.4,6,In Relationship,3,7,high
137,22,Male,Graduate,Nepal,4.1,facebook,No,7.9,7,Single,2,5,high
138,21,Female,Graduate,Pakistan,4.8,instagram,Yes,6.8,5,In Relationship,4,8,high
139,19,Male,Undergraduate,Sri Lanka,5.3,tiktok,Yes,5.3,6,Single,3,7,high
140,20,Female,Undergraduate,Maldives,4.0,instagram,No,8.0,8,In Relationship,2,5,medium
141,22,Male,Graduate,Bangladesh,4.7,facebook,Yes,6.9,5,Single,4,8,high
142,21,Female,Graduate,India,5.2,instagram,Yes,5.2,6,In Relationship,3,7,high
143,19,Male,Undergraduate,Nepal,3.9,tiktok,No,8.1,7,Single,2,5,medium
144,20,Female,Undergraduate,Pakistan,4.6,instagram,Yes,7.0,5,In Relationship,4,8,high
145,22,Male,Graduate,Sri Lanka,5.1,facebook,Yes,5.1,6,Single,3,7,high
146,21,Female,Graduate,Maldives,3.8,instagram,No,8.2,8,In Relationship,2,5,medium
147,19,Male,Undergraduate,Bangladesh,4.5,tiktok,Yes,7.1,5,Single,4,8,high
148,20,Female,Undergraduate,India,5.0,instagram,Yes,5.0,6,In Relationship,3,7,high
149,22,Male,Graduate,Nepal,3.7,facebook,No,8.3,7,Single,2,5,medium
150,21,Female,Graduate,Pakistan,4.4,instagram,Yes,7.2,5,In Relationship,4,8,high
151,19,Male,Undergraduate,Sri Lanka,4.9,tiktok,Yes,4.9,6,Single,3,7,high
152,20,Female,Undergraduate,Maldives,3.6,instagram,No,8.4,8,In Relationship,2,5,medium
153,22,Male,Graduate,Bangladesh,4.3,facebook,Yes,7.3,5,Single,4,8,high
154,21,Female,Graduate,India,4.8,instagram,Yes,4.8,6,In Relationship,3,7,high
155,19,Male,Undergraduate,Nepal,3.5,tiktok,No,8.5,7,Single,2,5,medium
156,20,Female,Undergraduate,Pakistan,4.2,instagram,Yes,7.4,5,In Relationship,4,8,high
157,22,Male,Graduate,Sri Lanka,4.7,facebook,Yes,4.7,6,Single,3,7,high
158,21,Female,Graduate,Maldives,3.4,instagram,No,8.6,8,In Relationship,2,5,medium
159,19,Male,Undergraduate,Bangladesh,4.1,tiktok,Yes,7.5,5,Single,4,8,high
160,20,Female,Undergraduate,India,4.6,instagram,Yes,4.6,6,In Relationship,3,7,high
161,19,Female,Undergraduate,Bangladesh,5.3,instagram,Yes,6.1,5,Single,3,7,high
162,21,Male,Graduate,India,4.8,facebook,No,7.2,7,In Relationship,2,6,high
163,20,Female,Undergraduate,Nepal,5.5,tiktok,Yes,5.9,6,Single,4,8,high
164,22,Male,Graduate,Pakistan,4.7,instagram,Yes,6.3,5,In Relationship,3,7,high
165,19,Female,Undergraduate,Sri Lanka,5.1,facebook,No,7.0,7,Single,2,5,high
166,21,Male,Graduate,Maldives,5.4,tiktok,Yes,6.0,6,In Relationship,4,8,high
167,20,Female,Undergraduate,Bangladesh,4.9,instagram,Yes,6.4,5,Single,3,7,high
168,22,Male,Graduate,India,5.2,facebook,No,7.1,7,In Relationship,2,6,high
169,19,Female,Undergraduate,Nepal,5.6,tiktok,Yes,5.8,6,Single,4,8,high
170,21,Male,Graduate,Pakistan,4.6,instagram,Yes,6.5,5,In Relationship,3,7,high
171,20,Female,Undergraduate,Sri Lanka,5.0,facebook,No,7.3,7,Single,2,5,high
172,22,Male,Graduate,Maldives,5.3,tiktok,Yes,5.7,6,In Relationship,4,8,high
173,19,Female,Undergraduate,Bangladesh,4.8,instagram,Yes,6.6,5,Single,3,7,high
174,21,Male,Graduate,India,5.1,facebook,No,7.4,7,In Relationship,2,6,high
175,20,Female,Undergraduate,Nepal,5.7,tiktok,Yes,5.6,6,Single,4,8,high
176,22,Male,Graduate,Pakistan,4.5,instagram,Yes,6.7,5,In Relationship,3,7,high
177,19,Female,Undergraduate,Sri Lanka,4.9,facebook,No,7.5,7,Single,2,5,high
178,21,Male,Graduate,Maldives,5.2,tiktok,Yes,5.5,6,In Relationship,4,8,high
179,20,Female,Undergraduate,Bangladesh,4.7,instagram,Yes,6.8,5,Single,3,7,high
180,22,Male,Graduate,India,5.0,facebook,No,7.6,7,In Relationship,2,6,high
181,19,Female,Undergraduate,Nepal,5.8,tiktok,Yes,5.4,6,Single,4,8,high
182,21,Male,Graduate,Pakistan,4.4,instagram,Yes,6.9,5,In Relationship,3,7,high
183,20,Female,Undergraduate,Sri Lanka,4.8,facebook,No,7.7,7,Single,2,5,high
184,22,Male,Graduate,Maldives,5.1,tiktok,Yes,5.3,6,In Relationship,4,8,high
185,19,Female,Undergraduate,Bangladesh,4.6,instagram,Yes,7.0,5,Single,3,7,high
186,21,Male,Graduate,India,4.9,facebook,No,7.8,7,In Relationship,2,6,high
187,20,Female,Undergraduate,Nepal,5.9,tiktok,Yes,5.2,6,Single,4,8,high
188,22,Male,Graduate,Pakistan,4.3,instagram,Yes,7.1,5,In Relationship,3,7,high
189,19,Female,Undergraduate,Sri Lanka,4.7,facebook,No,7.9,7,Single,2,5,high
190,21,Male,Graduate,Maldives,5.0,tiktok,Yes,5.1,6,In Relationship,4,8,high
191,20,Female,Undergraduate,Bangladesh,4.5,instagram,Yes,7.2,5,Single,3,7,high
192,22,Male,Graduate,India,4.8,facebook,No,8.0,7,In Relationship,2,6,high
193,19,Female,Undergraduate,Nepal,6.0,tiktok,Yes,5.0,6,Single,4,8,high
194,21,Male,Graduate,Pakistan,4.2,instagram,Yes,7.3,5,In Relationship,3,7,high
195,20,Female,Undergraduate,Sri Lanka,4.6,facebook,No,8.1,7,Single,2,5,high
196,22,Male,Graduate,Maldives,4.9,tiktok,Yes,4.9,6,In Relationship,4,8,high
197,19,Female,Undergraduate,Bangladesh,4.4,instagram,Yes,7.4,5,Single,3,7,high
198,21,Male,Graduate,India,4.7,facebook,No,8.2,7,In Relationship,2,6,high
199,20,Female,Undergraduate,Nepal,6.1,tiktok,Yes,4.8,6,Single,4,8,high
200,22,Male,Graduate,Pakistan,4.1,instagram,Yes,7.5,5,In Relationship,3,7,high
201,19,Female,Undergraduate,Sri Lanka,4.5,facebook,No,8.3,7,Single,2,5,high
202,21,Male,Graduate,Maldives,4.8,tiktok,Yes,4.7,6,In Relationship,4,8,high
203,20,Female,Undergraduate,Bangladesh,4.3,instagram,Yes,7.6,5,Single,3,7,high
204,22,Male,Graduate,India,4.6,facebook,No,8.4,7,In Relationship,2,6,high
205,19,Female,Undergraduate,Nepal,6.2,tiktok,Yes,4.6,6,Single,4,8,high
206,21,Male,Graduate,Pakistan,4.0,instagram,Yes,7.7,5,In Relationship,3,7,medium
207,20,Female,Undergraduate,Sri Lanka,4.4,facebook,No,8.5,7,Single,2,5,high
208,22,Male,Graduate,Maldives,4.7,tiktok,Yes,4.5,6,In Relationship,4,8,high
209,19,Female,Undergraduate,Bangladesh,4.2,instagram,Yes,7.8,5,Single,3,7,high
210,21,Male,Graduate,India,4.5,facebook,No,8.6,7,In Relationship,2,6,high
211,20,Female,Undergraduate,Nepal,6.3,tiktok,Yes,4.4,6,Single,4,8,high
212,22,Male,Graduate,Pakistan,3.9,instagram,Yes,7.9,5,In Relationship,3,7,medium
213,19,Female,Undergraduate,Sri Lanka,4.3,facebook,No,8.7,7,Single,2,5,high
214,21,Male,Graduate,Maldives,4.6,tiktok,Yes,4.3,6,In Relationship,4,8,high
215,20,Female,Undergraduate,Bangladesh,4.1,instagram,Yes,8.0,5,Single,3,7,high
216,22,Male,Graduate,India,4.4,facebook,No,8.8,7,In Relationship,2,6,high
217,19,Female,Undergraduate,Nepal,6.4,tiktok,Yes,4.2,6,Single,4,8,high
218,21,Male,Graduate,Pakistan,3.8,instagram,Yes,8.1,5,In Relationship,3,7,medium
219,20,Female,Undergraduate,Sri Lanka,4.2,facebook,No,8.9,7,Single,2,5,high
220,22,Male,Graduate,Maldives,4.5,tiktok,Yes,4.1,6,In Relationship,4,8,high
221,19,Female,Undergraduate,USA,6.5,instagram,Yes,6.0,5,Single,4,9,high
222,21,Male,Graduate,UK,5.8,tiktok,Yes,6.5,6,In Relationship,3,7,high
223,20,Female,Undergraduate,Australia,4.5,instagram,No,7.5,8,Single,2,5,high
224,22,Male,Graduate,Germany,4.2,facebook,No,7.8,7,In Relationship,2,4,high
225,19,Female,Undergraduate,Japan,3.8,line,No,7.9,8,Single,1,3,medium
226,21,Male,Graduate,Italy,5.5,instagram,Yes,6.8,6,Single,3,7,high
227,20,Female,Undergraduate,South Korea,5.2,kakaotalk,Yes,6.5,6,In Relationship,3,6,high
228,22,Male,Graduate,Russia,4.8,vkontakte,No,7.2,7,Single,2,5,high
229,19,Female,Undergraduate,USA,7.0,tiktok,Yes,5.8,4,In Relationship,4,9,high
230,21,Male,Graduate,UK,5.5,instagram,Yes,6.7,6,Single,3,7,high
231,20,Female,Undergraduate,Australia,4.7,facebook,No,7.4,7,In Relationship,2,5,high
232,22,Male,Graduate,Germany,4.0,instagram,No,7.9,8,Single,1,4,medium
233,19,Female,Undergraduate,Japan,3.5,line,No,8.0,8,Single,1,3,medium
234,21,Male,Graduate,Italy,5.7,tiktok,Yes,6.5,5,In Relationship,3,8,high
235,20,Female,Undergraduate,South Korea,5.0,kakaotalk,Yes,6.8,6,Single,3,6,high
236,22,Male,Graduate,Russia,4.5,vkontakte,No,7.4,7,In Relationship,2,5,high
237,19,Female,Undergraduate,USA,6.8,instagram,Yes,5.9,4,Single,4,9,high
238,21,Male,Graduate,UK,5.6,facebook,Yes,6.6,6,In Relationship,3,7,high
239,20,Female,Undergraduate,Australia,4.6,instagram,No,7.3,7,Single,2,5,high
240,22,Male,Graduate,Germany,4.1,facebook,No,7.7,8,In Relationship,2,4,high
241,19,Female,Undergraduate,Japan,3.7,line,No,7.8,8,Single,1,3,medium
242,21,Male,Graduate,Italy,5.4,instagram,Yes,6.7,5,Single,3,7,high
243,20,Female,Undergraduate,South Korea,5.1,kakaotalk,Yes,6.6,6,In Relationship,3,6,high
244,22,Male,Graduate,Russia,4.7,vkontakte,No,7.3,7,Single,2,5,high
245,19,Female,Undergraduate,USA,6.9,tiktok,Yes,5.7,4,In Relationship,4,9,high
246,21,Male,Graduate,UK,5.7,instagram,Yes,6.4,6,Single,3,7,high
247,20,Female,Undergraduate,Australia,4.8,facebook,No,7.2,7,In Relationship,2,5,high
248,22,Male,Graduate,Germany,3.9,instagram,No,7.8,8,Single,1,4,medium
249,19,Female,Undergraduate,Japan,3.6,line,No,8.1,8,Single,1,3,medium
250,21,Male,Graduate,Italy,5.6,tiktok,Yes,6.6,5,In Relationship,3,8,high
251,20,Female,Undergraduate,South Korea,4.9,kakaotalk,Yes,6.9,6,Single,3,6,high
252,22,Male,Graduate,Russia,4.6,vkontakte,No,7.5,7,In Relationship,2,5,high
253,19,Female,Undergraduate,USA,6.7,instagram,Yes,5.8,4,Single,4,9,high
254,21,Male,Graduate,UK,5.4,facebook,Yes,6.5,6,In Relationship,3,7,high
255,20,Female,Undergraduate,Australia,4.4,instagram,No,7.4,7,Single,2,5,high
256,22,Male,Graduate,Germany,4.0,facebook,No,7.6,8,In Relationship,2,4,medium
257,19,Female,Undergraduate,Japan,3.4,line,No,8.2,8,Single,1,3,medium
258,21,Male,Graduate,Italy,5.3,instagram,Yes,6.8,5,Single,3,7,high
259,20,Female,Undergraduate,South Korea,5.0,kakaotalk,Yes,6.7,6,In Relationship,3,6,high
260,22,Male,Graduate,Russia,4.4,vkontakte,No,7.6,7,Single,2,5,high
261,19,Female,Undergraduate,USA,6.6,tiktok,Yes,5.6,4,In Relationship,4,9,high
262,21,Male,Graduate,UK,5.3,instagram,Yes,6.3,6,Single,3,7,high
263,20,Female,Undergraduate,Australia,4.3,facebook,No,7.5,7,In Relationship,2,5,high
264,22,Male,Graduate,Germany,3.8,instagram,No,7.7,8,Single,1,4,medium
265,19,Female,Undergraduate,Japan,3.3,line,No,8.3,8,Single,1,3,medium
266,21,Male,Graduate,Italy,5.2,tiktok,Yes,6.9,5,In Relationship,3,8,high
267,20,Female,Undergraduate,South Korea,4.8,kakaotalk,Yes,7.0,6,Single,3,6,high
268,22,Male,Graduate,Russia,4.3,vkontakte,No,7.7,7,In Relationship,2,5,high
269,19,Female,Undergraduate,USA,6.4,instagram,Yes,5.7,4,Single,4,9,high
270,21,Male,Graduate,UK,5.2,facebook,Yes,6.4,6,In Relationship,3,7,high
271,20,Female,Undergraduate,Australia,4.5,instagram,No,7.3,7,Single,2,5,high
272,22,Male,Graduate,Germany,3.7,facebook,No,7.8,8,In Relationship,1,4,medium
273,19,Female,Undergraduate,Japan,3.2,line,No,8.4,8,Single,1,3,medium
274,21,Male,Graduate,Italy,5.4,instagram,Yes,6.7,5,Single,3,7,high
275,20,Female,Undergraduate,South Korea,4.7,kakaotalk,Yes,7.1,6,In Relationship,3,6,high
276,22,Male,Graduate,Russia,4.2,vkontakte,No,7.8,7,Single,2,5,high
277,19,Female,Undergraduate,USA,6.6,tiktok,Yes,5.5,4,In Relationship,4,9,high
278,21,Male,Graduate,UK,5.1,instagram,Yes,6.5,6,Single,3,7,high
279,20,Female,Undergraduate,Australia,4.4,facebook,No,7.4,7,In Relationship,2,5,high
280,22,Male,Graduate,Germany,3.6,instagram,No,7.9,8,Single,1,4,medium
281,19,Female,Undergraduate,Japan,3.1,line,No,8.5,8,Single,1,3,medium
282,21,Male,Graduate,Italy,5.3,tiktok,Yes,6.8,5,In Relationship,3,8,high
283,20,Female,Undergraduate,South Korea,4.6,kakaotalk,Yes,7.2,6,Single,3,6,high
284,22,Male,Graduate,Russia,4.1,vkontakte,No,7.9,7,In Relationship,2,5,high
285,19,Female,Undergraduate,USA,6.7,instagram,Yes,5.4,4,Single,4,9,high
286,21,Male,Graduate,UK,5.0,facebook,Yes,6.6,6,In Relationship,3,7,high
287,20,Female,Undergraduate,Australia,4.3,instagram,No,7.5,7,Single,2,5,high
288,22,Male,Graduate,Germany,3.5,facebook,No,8.0,8,In Relationship,1,4,medium
289,19,Female,Undergraduate,Japan,3.0,line,No,8.6,8,Single,1,3,medium
290,21,Male,Graduate,Italy,5.2,instagram,Yes,6.9,5,Single,3,7,high
291,20,Female,Undergraduate,South Korea,4.5,kakaotalk,Yes,7.3,6,In Relationship,3,6,high
292,22,Male,Graduate,Russia,4.0,vkontakte,No,8.0,7,Single,2,5,medium
293,19,Female,Undergraduate,USA,6.8,tiktok,Yes,5.3,4,In Relationship,4,9,high
294,21,Male,Graduate,UK,4.9,instagram,Yes,6.7,6,Single,3,7,high
295,20,Female,Undergraduate,Australia,4.2,facebook,No,7.6,7,In Relationship,2,5,high
296,22,Male,Graduate,Germany,3.4,instagram,No,8.1,8,Single,1,4,medium
297,19,Female,Undergraduate,Japan,2.9,line,No,8.7,8,Single,1,3,medium
298,21,Male,Graduate,Italy,5.1,tiktok,Yes,7.0,5,In Relationship,3,8,high
299,20,Female,Undergraduate,South Korea,4.4,kakaotalk,Yes,7.4,6,Single,3,6,high
300,22,Male,Graduate,Russia,3.9,vkontakte,No,8.1,7,In Relationship,2,5,medium
301,19,Female,Undergraduate,USA,6.9,instagram,Yes,5.2,4,Single,4,9,high
302,21,Male,Graduate,UK,4.8,facebook,Yes,6.8,6,In Relationship,3,7,high
303,20,Female,Undergraduate,Australia,4.1,instagram,No,7.7,7,Single,2,5,high
304,22,Male,Graduate,Germany,3.3,facebook,No,8.2,8,In Relationship,1,4,medium
305,19,Female,Undergraduate,Japan,2.8,line,No,8.8,8,Single,1,3,medium
306,21,Male,Graduate,Italy,5.0,instagram,Yes,7.1,5,Single,3,7,high
307,20,Female,Undergraduate,South Korea,4.3,kakaotalk,Yes,7.5,6,In Relationship,3,6,high
308,22,Male,Graduate,Russia,3.8,vkontakte,No,8.2,7,Single,2,5,medium
309,19,Female,Undergraduate,USA,7.0,tiktok,Yes,5.1,4,In Relationship,4,9,high
310,21,Male,Graduate,UK,4.7,instagram,Yes,6.9,6,Single,3,7,high
311,20,Female,Undergraduate,Australia,4.0,facebook,No,7.8,7,In Relationship,2,5,medium
312,22,Male,Graduate,Germany,3.2,instagram,No,8.3,8,Single,1,4,medium
313,19,Female,Undergraduate,Japan,2.7,line,No,8.9,8,Single,1,3,medium
314,21,Male,Graduate,Italy,4.9,tiktok,Yes,7.2,5,In Relationship,3,8,high
315,20,Female,Undergraduate,South Korea,4.2,kakaotalk,Yes,7.6,6,Single,3,6,high
316,22,Male,Graduate,Russia,3.7,vkontakte,No,8.3,7,In Relationship,2,5,medium
317,19,Female,Undergraduate,USA,7.1,instagram,Yes,5.0,4,Single,4,9,high
318,21,Male,Graduate,UK,4.6,facebook,Yes,7.0,6,In Relationship,3,7,high
319,20,Female,Undergraduate,Australia,3.9,instagram,No,7.9,7,Single,2,5,medium
320,22,Male,Graduate,Germany,3.1,facebook,No,8.4,8,In Relationship,1,4,medium
321,19,Female,Undergraduate,Spain,5.2,instagram,Yes,6.8,6,Single,3,7,high
322,21,Male,Graduate,Denmark,4.1,facebook,No,7.8,8,In Relationship,2,4,high
323,20,Female,Undergraduate,Ireland,5.0,instagram,Yes,7.0,7,Single,3,6,high
324,22,Male,Graduate,India,5.8,whatsapp,Yes,6.5,5,In Relationship,4,8,high
325,19,Female,Undergraduate,Switzerland,4.0,instagram,No,7.9,8,Single,2,4,medium
326,21,Male,Graduate,Turkey,5.5,instagram,Yes,6.7,6,Single,3,7,high
327,20,Female,Undergraduate,USA,6.8,tiktok,Yes,5.5,5,In Relationship,4,9,high
328,22,Male,Graduate,Mexico,5.6,whatsapp,Yes,6.6,6,Single,3,7,high
329,19,Female,Undergraduate,France,4.5,instagram,No,7.5,7,In Relationship,2,5,high
330,21,Male,Graduate,Canada,5.3,instagram,Yes,6.9,6,Single,3,7,high
331,20,Female,Undergraduate,Spain,5.1,tiktok,Yes,6.7,6,Single,3,7,high
332,22,Male,Graduate,Denmark,3.9,facebook,No,7.9,8,In Relationship,2,4,medium
333,19,Female,Undergraduate,Ireland,4.8,instagram,Yes,7.1,7,Single,3,6,high
334,21,Male,Graduate,India,5.9,whatsapp,Yes,6.4,5,In Relationship,4,8,high
335,20,Female,Undergraduate,Switzerland,3.8,instagram,No,8.0,8,Single,2,4,medium
336,22,Male,Graduate,Turkey,5.4,tiktok,Yes,6.8,6,Single,3,7,high
337,19,Female,Undergraduate,USA,6.9,instagram,Yes,5.4,5,In Relationship,4,9,high
338,21,Male,Graduate,Mexico,5.7,whatsapp,Yes,6.5,6,Single,3,7,high
339,20,Female,Undergraduate,France,4.4,instagram,No,7.6,7,In Relationship,2,5,high
340,22,Male,Graduate,Canada,5.2,tiktok,Yes,7.0,6,Single,3,7,high
341,19,Female,Undergraduate,Spain,5.0,instagram,Yes,6.9,6,Single,3,7,high
342,21,Male,Graduate,Denmark,3.8,facebook,No,8.0,8,In Relationship,2,4,medium
343,20,Female,Undergraduate,Ireland,4.7,tiktok,Yes,7.2,7,Single,3,6,high
344,22,Male,Graduate,India,6.0,whatsapp,Yes,6.3,5,In Relationship,4,8,high
345,19,Female,Undergraduate,Switzerland,3.7,instagram,No,8.1,8,Single,2,4,medium
346,21,Male,Graduate,Turkey,5.3,instagram,Yes,6.9,6,Single,3,7,high
347,20,Female,Undergraduate,USA,7.0,tiktok,Yes,5.3,5,In Relationship,4,9,high
348,22,Male,Graduate,Mexico,5.8,whatsapp,Yes,6.4,6,Single,3,7,high
349,19,Female,Undergraduate,France,4.3,instagram,No,7.7,7,In Relationship,2,5,high
350,21,Male,Graduate,Canada,5.1,instagram,Yes,7.1,6,Single,3,7,high
351,20,Female,Undergraduate,Spain,4.9,tiktok,Yes,7.0,6,Single,3,7,high
352,22,Male,Graduate,Denmark,3.7,facebook,No,8.1,8,In Relationship,2,4,medium
353,19,Female,Undergraduate,Ireland,4.6,instagram,Yes,7.3,7,Single,3,6,high
354,21,Male,Graduate,India,6.1,whatsapp,Yes,6.2,5,In Relationship,4,8,high
355,20,Female,Undergraduate,Switzerland,3.6,instagram,No,8.2,8,Single,2,4,medium
356,22,Male,Graduate,Turkey,5.2,tiktok,Yes,7.0,6,Single,3,7,high
357,19,Female,Undergraduate,USA,7.1,instagram,Yes,5.2,5,In Relationship,4,9,high
358,21,Male,Graduate,Mexico,5.9,whatsapp,Yes,6.3,6,Single,3,7,high
359,20,Female,Undergraduate,France,4.2,instagram,No,7.8,7,In Relationship,2,5,high
360,22,Male,Graduate,Canada,5.0,tiktok,Yes,7.2,6,Single,3,7,high
361,19,Female,Undergraduate,Spain,4.8,instagram,Yes,7.1,6,Single,3,7,high
362,21,Male,Graduate,Denmark,3.6,facebook,No,8.2,8,In Relationship,2,4,medium
363,20,Female,Undergraduate,Ireland,4.5,tiktok,Yes,7.4,7,Single,3,6,high
364,22,Male,Graduate,India,6.2,whatsapp,Yes,6.1,5,In Relationship,4,8,high
365,19,Female,Undergraduate,Switzerland,3.5,instagram,No,8.3,8,Single,2,4,medium
366,21,Male,Graduate,Turkey,5.1,instagram,Yes,7.1,6,Single,3,7,high
367,20,Female,Undergraduate,USA,7.2,tiktok,Yes,5.1,5,In Relationship,4,9,high
368,22,Male,Graduate,Mexico,6.0,whatsapp,Yes,6.2,6,Single,3,7,high
369,19,Female,Undergraduate,France,4.1,instagram,No,7.9,7,In Relationship,2,5,high
370,21,Male,Graduate,Canada,4.9,instagram,Yes,7.3,6,Single,3,7,high
371,20,Female,Undergraduate,Spain,4.7,tiktok,Yes,7.2,6,Single,3,7,high
372,22,Male,Graduate,Denmark,3.5,facebook,No,8.3,8,In Relationship,2,4,medium
373,19,Female,Undergraduate,Ireland,4.4,instagram,Yes,7.5,7,Single,3,6,high
374,21,Male,Graduate,India,6.3,whatsapp,Yes,6.0,5,In Relationship,4,8,high
375,20,Female,Undergraduate,Switzerland,3.4,instagram,No,8.4,8,Single,2,4,medium
376,22,Male,Graduate,Turkey,5.0,tiktok,Yes,7.2,6,Single,3,7,high
377,19,Female,Undergraduate,USA,7.3,instagram,Yes,5.0,5,In Relationship,4,9,high
378,21,Male,Graduate,Mexico,6.1,whatsapp,Yes,6.1,6,Single,3,7,high
379,20,Female,Undergraduate,France,4.0,instagram,No,8.0,7,In Relationship,2,5,medium
380,22,Male,Graduate,Canada,4.8,tiktok,Yes,7.4,6,Single,3,7,high
381,19,Female,Undergraduate,Spain,4.6,instagram,Yes,7.3,6,Single,3,7,high
382,21,Male,Graduate,Denmark,3.4,facebook,No,8.4,8,In Relationship,2,4,medium
383,20,Female,Undergraduate,Ireland,4.3,tiktok,Yes,7.6,7,Single,3,6,high
384,22,Male,Graduate,India,6.4,whatsapp,Yes,5.9,5,In Relationship,4,8,high
385,19,Female,Undergraduate,Switzerland,3.3,instagram,No,8.5,8,Single,2,4,medium
386,21,Male,Graduate,Turkey,4.9,instagram,Yes,7.3,6,Single,3,7,high
387,20,Female,Undergraduate,USA,7.4,tiktok,Yes,4.9,5,In Relationship,4,9,high
388,22,Male,Graduate,Mexico,6.2,whatsapp,Yes,6.0,6,Single,3,7,high
389,19,Female,Undergraduate,France,3.9,instagram,No,8.1,7,In Relationship,2,5,medium
390,21,Male,Graduate,Canada,4.7,instagram,Yes,7.5,6,Single,3,7,high
391,20,Female,Undergraduate,Spain,4.5,tiktok,Yes,7.4,6,Single,3,7,high
392,22,Male,Graduate,Denmark,3.3,facebook,No,8.5,8,In Relationship,2,4,medium
393,19,Female,Undergraduate,Ireland,4.2,instagram,Yes,7.7,7,Single,3,6,high
394,21,Male,Graduate,India,6.5,whatsapp,Yes,5.8,5,In Relationship,4,8,high
395,20,Female,Undergraduate,Switzerland,3.2,instagram,No,8.6,8,Single,2,4,medium
396,22,Male,Graduate,Turkey,4.8,tiktok,Yes,7.4,6,Single,3,7,high
397,19,Female,Undergraduate,USA,7.5,instagram,Yes,4.8,5,In Relationship,4,9,high
398,21,Male,Graduate,Mexico,6.3,whatsapp,Yes,5.9,6,Single,3,7,high
399,20,Female,Undergraduate,France,3.8,instagram,No,8.2,7,In Relationship,2,5,medium
400,22,Male,Graduate,Canada,4.6,tiktok,Yes,7.6,6,Single,3,7,high
401,19,Female,Undergraduate,Spain,4.4,instagram,Yes,7.5,6,Single,3,7,high
402,21,Male,Graduate,Denmark,3.2,facebook,No,8.6,8,In Relationship,2,4,medium
403,20,Female,Undergraduate,Ireland,4.1,tiktok,Yes,7.8,7,Single,3,6,high
404,22,Male,Graduate,India,6.6,whatsapp,Yes,5.7,5,In Relationship,4,8,high
405,19,Female,Undergraduate,Switzerland,3.1,instagram,No,8.7,8,Single,2,4,medium
406,21,Male,Graduate,Turkey,4.7,instagram,Yes,7.5,6,Single,3,7,high
407,20,Female,Undergraduate,USA,7.6,tiktok,Yes,4.7,5,In Relationship,4,9,high
408,22,Male,Graduate,Mexico,6.4,whatsapp,Yes,5.8,6,Single,3,7,high
409,19,Female,Undergraduate,France,3.7,instagram,No,8.3,7,In Relationship,2,5,medium
410,21,Male,Graduate,Canada,4.5,instagram,Yes,7.7,6,Single,3,7,high
411,20,Female,Undergraduate,Spain,4.3,tiktok,Yes,7.6,6,Single,3,7,high
412,22,Male,Graduate,Denmark,3.1,facebook,No,8.7,8,In Relationship,2,4,medium
413,19,Female,Undergraduate,Ireland,4.0,instagram,Yes,7.9,7,Single,3,6,medium
414,21,Male,Graduate,India,6.7,whatsapp,Yes,5.6,5,In Relationship,4,8,high
415,20,Female,Undergraduate,Switzerland,3.0,instagram,No,8.8,8,Single,2,4,medium
416,22,Male,Graduate,Turkey,4.6,tiktok,Yes,7.6,6,Single,3,7,high
417,19,Female,Undergraduate,USA,7.7,instagram,Yes,4.6,5,In Relationship,4,9,high
418,21,Male,Graduate,Mexico,6.5,whatsapp,Yes,5.7,6,Single,3,7,high
419,20,Female,Undergraduate,France,3.6,instagram,No,8.4,7,In Relationship,2,5,medium
420,22,Male,Graduate,Canada,4.4,tiktok,Yes,7.8,6,Single,3,7,high
421,19,Female,Undergraduate,Spain,4.2,instagram,Yes,7.7,6,Single,3,7,high
422,21,Male,Graduate,Denmark,3.0,facebook,No,8.8,8,In Relationship,2,4,medium
423,20,Female,Undergraduate,Ireland,3.9,tiktok,Yes,8.0,7,Single,3,6,medium
424,22,Male,Graduate,India,6.8,whatsapp,Yes,5.5,5,In Relationship,4,8,high
425,19,Female,Undergraduate,Switzerland,2.9,instagram,No,8.9,8,Single,2,4,medium
426,21,Male,Graduate,Turkey,4.5,instagram,Yes,7.7,6,Single,3,7,high
427,20,Female,Undergraduate,USA,7.8,tiktok,Yes,4.5,5,In Relationship,4,9,high
428,22,Male,Graduate,Mexico,6.6,whatsapp,Yes,5.6,6,Single,3,7,high
429,19,Female,Undergraduate,France,3.5,instagram,No,8.5,7,In Relationship,2,5,medium
430,21,Male,Graduate,Canada,4.3,instagram,Yes,7.9,6,Single,3,7,high
431,20,Female,Undergraduate,Spain,4.1,tiktok,Yes,7.8,6,Single,3,7,high
432,22,Male,Graduate,Denmark,2.9,facebook,No,8.9,8,In Relationship,2,4,medium
433,19,Female,Undergraduate,Ireland,3.8,instagram,Yes,8.1,7,Single,3,6,medium
434,21,Male,Graduate,India,6.9,whatsapp,Yes,5.4,5,In Relationship,4,8,high
435,20,Female,Undergraduate,Switzerland,2.8,instagram,No,9.0,8,Single,2,4,medium
436,22,Male,Graduate,Turkey,4.4,tiktok,Yes,7.8,6,Single,3,7,high
437,19,Female,Undergraduate,USA,7.9,instagram,Yes,4.4,5,In Relationship,4,9,high
438,21,Male,Graduate,Mexico,6.7,whatsapp,Yes,5.5,6,Single,3,7,high
439,20,Female,Undergraduate,France,3.4,instagram,No,8.6,7,In Relationship,2,5,medium
440,22,Male,Graduate,Canada,4.2,tiktok,Yes,8.0,6,Single,3,7,high
441,19,Female,Undergraduate,Spain,4.0,instagram,Yes,7.9,6,Single,3,7,medium
442,21,Male,Graduate,Denmark,2.8,facebook,No,9.0,8,In Relationship,2,4,medium
443,20,Female,Undergraduate,Ireland,3.7,tiktok,Yes,8.2,7,Single,3,6,medium
444,22,Male,Graduate,India,7.0,whatsapp,Yes,5.3,5,In Relationship,4,8,high
445,19,Female,Undergraduate,Switzerland,2.7,instagram,No,9.1,8,Single,2,4,medium
446,21,Male,Graduate,Turkey,4.3,instagram,Yes,7.9,6,Single,3,7,high
447,20,Female,Undergraduate,USA,8.0,tiktok,Yes,4.3,5,In Relationship,4,9,high
448,22,Male,Graduate,Mexico,6.8,whatsapp,Yes,5.4,6,Single,3,7,high
449,19,Female,Undergraduate,France,3.3,instagram,No,8.7,7,In Relationship,2,5,medium
450,21,Male,Graduate,Canada,4.1,instagram,Yes,8.1,6,Single,3,7,high
451,20,Female,Undergraduate,Spain,3.9,tiktok,Yes,8.0,6,Single,3,7,medium
452,22,Male,Graduate,Denmark,2.7,facebook,No,9.1,8,In Relationship,2,4,medium
453,19,Female,Undergraduate,Ireland,3.6,instagram,Yes,8.3,7,Single,3,6,medium
454,21,Male,Graduate,India,7.1,whatsapp,Yes,5.2,5,In Relationship,4,8,high
455,20,Female,Undergraduate,Switzerland,2.6,instagram,No,9.2,8,Single,2,4,medium
456,22,Male,Graduate,Turkey,4.2,tiktok,Yes,8.0,6,Single,3,7,high
457,19,Female,Undergraduate,USA,8.1,instagram,Yes,4.2,5,In Relationship,4,9,high
458,21,Male,Graduate,Mexico,6.9,whatsapp,Yes,5.3,6,Single,3,7,high
459,20,Female,Undergraduate,France,3.2,instagram,No,8.8,7,In Relationship,2,5,medium
460,22,Male,Graduate,Canada,4.0,tiktok,Yes,8.2,6,Single,3,7,medium
461,19,Female,Undergraduate,Spain,3.8,instagram,Yes,8.1,6,Single,3,7,medium
462,21,Male,Graduate,Denmark,2.6,facebook,No,9.2,8,In Relationship,2,4,medium
463,20,Female,Undergraduate,Ireland,3.5,tiktok,Yes,8.4,7,Single,3,6,medium
464,22,Male,Graduate,India,7.2,whatsapp,Yes,5.1,5,In Relationship,4,8,high
465,19,Female,Undergraduate,Switzerland,2.5,instagram,No,9.3,8,Single,2,4,medium
466,21,Male,Graduate,Turkey,4.1,instagram,Yes,8.1,6,Single,3,7,high
467,20,Female,Undergraduate,USA,8.2,tiktok,Yes,4.1,5,In Relationship,4,9,high
468,22,Male,Graduate,Mexico,7.0,whatsapp,Yes,5.2,6,Single,3,7,high
469,19,Female,Undergraduate,France,3.1,instagram,No,8.9,7,In Relationship,2,5,medium
470,21,Male,Graduate,Canada,3.9,instagram,Yes,8.3,6,Single,3,7,medium
471,20,Female,Undergraduate,Spain,3.7,tiktok,Yes,8.2,6,Single,3,7,medium
472,22,Male,Graduate,Denmark,2.5,facebook,No,9.3,8,In Relationship,2,4,medium
473,19,Female,Undergraduate,Ireland,3.4,instagram,Yes,8.5,7,Single,3,6,medium
474,21,Male,Graduate,India,7.3,whatsapp,Yes,5.0,5,In Relationship,4,8,high
475,20,Female,Undergraduate,Switzerland,2.4,instagram,No,9.4,8,Single,2,4,medium
476,22,Male,Graduate,Turkey,4.0,tiktok,Yes,8.2,6,Single,3,7,medium
477,19,Female,Undergraduate,USA,8.3,instagram,Yes,4.0,5,In Relationship,4,9,high
478,21,Male,Graduate,Mexico,7.1,whatsapp,Yes,5.1,6,Single,3,7,high
479,20,Female,Undergraduate,France,3.0,instagram,No,9.0,7,In Relationship,2,5,medium
480,22,Male,Graduate,Canada,3.8,tiktok,Yes,8.4,6,Single,3,7,medium
481,19,Female,Undergraduate,Spain,3.6,instagram,Yes,8.3,6,Single,3,7,medium
482,21,Male,Graduate,Denmark,2.4,facebook,No,9.4,8,In Relationship,2,4,medium
483,20,Female,Undergraduate,Ireland,3.3,tiktok,Yes,8.6,7,Single,3,6,medium
484,22,Male,Graduate,India,7.4,whatsapp,Yes,4.9,5,In Relationship,4,8,high
485,19,Female,Undergraduate,Switzerland,2.3,instagram,No,9.5,8,Single,2,4,medium
486,21,Male,Graduate,Turkey,3.9,instagram,Yes,8.3,6,Single,3,7,medium
487,20,Female,Undergraduate,USA,8.4,tiktok,Yes,3.9,5,In Relationship,4,9,high
488,22,Male,Graduate,Mexico,7.2,whatsapp,Yes,5.0,6,Single,3,7,high
489,19,Female,Undergraduate,France,2.9,instagram,No,9.1,7,In Relationship,2,5,medium
490,21,Male,Graduate,Canada,3.7,instagram,Yes,8.5,6,Single,3,7,medium
491,20,Female,Undergraduate,Spain,3.5,tiktok,Yes,8.4,6,Single,3,7,medium
492,22,Male,Graduate,Denmark,2.3,facebook,No,9.5,8,In Relationship,2,4,medium
493,19,Female,Undergraduate,Ireland,3.2,instagram,Yes,8.7,7,Single,3,6,medium
494,21,Male,Graduate,India,7.5,whatsapp,Yes,4.8,5,In Relationship,4,8,high
495,20,Female,Undergraduate,Switzerland,2.2,instagram,No,9.6,8,Single,2,4,medium
496,22,Male,Graduate,Turkey,3.8,tiktok,Yes,8.4,6,Single,3,7,medium
497,19,Female,Undergraduate,USA,8.5,instagram,Yes,3.8,5,In Relationship,4,9,high
498,21,Male,Graduate,Mexico,7.3,whatsapp,Yes,4.9,6,Single,3,7,high
499,20,Female,Undergraduate,France,2.8,instagram,No,9.2,7,In Relationship,2,5,medium
500,22,Male,Graduate,Canada,3.6,tiktok,Yes,8.6,6,Single,3,7,medium
501,19,Female,Undergraduate,Brazil,6.2,whatsapp,Yes,6.3,6,Single,3,7,high
502,21,Male,Graduate,China,4.5,wechat,No,7.8,7,In Relationship,2,5,high
503,20,Female,Undergraduate,Netherlands,3.8,instagram,No,8.2,8,Single,2,4,medium
504,22,Male,Graduate,New Zealand,4.7,instagram,Yes,7.5,7,In Relationship,3,6,high
505,19,Female,Undergraduate,Singapore,5.1,tiktok,Yes,7.0,6,Single,3,7,high
506,21,Male,Graduate,Malaysia,5.5,whatsapp,Yes,6.8,6,Single,3,7,high
507,20,Female,Undergraduate,UAE,6.5,instagram,Yes,6.5,5,In Relationship,4,8,high
508,22,Male,Graduate,Poland,4.2,facebook,No,7.9,7,Single,2,5,high
509,19,Female,Undergraduate,India,6.8,whatsapp,Yes,6.0,5,In Relationship,4,8,high
510,21,Male,Graduate,Canada,4.8,instagram,Yes,7.4,7,Single,3,6,high
511,20,Female,Undergraduate,Brazil,6.1,instagram,Yes,6.4,6,Single,3,7,high
512,22,Male,Graduate,China,4.4,wechat,No,7.9,7,In Relationship,2,5,high
513,19,Female,Undergraduate,Netherlands,3.7,tiktok,No,8.3,8,Single,2,4,medium
514,21,Male,Graduate,New Zealand,4.6,instagram,Yes,7.6,7,In Relationship,3,6,high
515,20,Female,Undergraduate,Singapore,5.2,tiktok,Yes,6.9,6,Single,3,7,high
516,22,Male,Graduate,Malaysia,5.6,whatsapp,Yes,6.7,6,Single,3,7,high
517,19,Female,Undergraduate,UAE,6.6,instagram,Yes,6.4,5,In Relationship,4,8,high
518,21,Male,Graduate,Poland,4.1,facebook,No,8.0,7,Single,2,5,high
519,20,Female,Undergraduate,India,6.9,whatsapp,Yes,5.9,5,In Relationship,4,8,high
520,22,Male,Graduate,Canada,4.7,tiktok,Yes,7.5,7,Single,3,6,high
521,19,Female,Undergraduate,Brazil,6.0,whatsapp,Yes,6.5,6,Single,3,7,high
522,21,Male,Graduate,China,4.3,wechat,No,8.0,7,In Relationship,2,5,high
523,20,Female,Undergraduate,Netherlands,3.6,instagram,No,8.4,8,Single,2,4,medium
524,22,Male,Graduate,New Zealand,4.5,facebook,Yes,7.7,7,In Relationship,3,6,high
525,19,Female,Undergraduate,Singapore,5.3,tiktok,Yes,6.8,6,Single,3,7,high
526,21,Male,Graduate,Malaysia,5.7,whatsapp,Yes,6.6,6,Single,3,7,high
527,20,Female,Undergraduate,UAE,6.7,instagram,Yes,6.3,5,In Relationship,4,8,high
528,22,Male,Graduate,Poland,4.0,facebook,No,8.1,7,Single,2,5,medium
529,19,Female,Undergraduate,India,7.0,whatsapp,Yes,5.8,5,In Relationship,4,8,high
530,21,Male,Graduate,Canada,4.6,instagram,Yes,7.6,7,Single,3,6,high
531,20,Female,Undergraduate,Brazil,5.9,tiktok,Yes,6.6,6,Single,3,7,high
532,22,Male,Graduate,China,4.2,wechat,No,8.1,7,In Relationship,2,5,high
533,19,Female,Undergraduate,Netherlands,3.5,instagram,No,8.5,8,Single,2,4,medium
534,21,Male,Graduate,New Zealand,4.4,facebook,Yes,7.8,7,In Relationship,3,6,high
535,20,Female,Undergraduate,Singapore,5.4,tiktok,Yes,6.7,6,Single,3,7,high
536,22,Male,Graduate,Malaysia,5.8,whatsapp,Yes,6.5,6,Single,3,7,high
537,19,Female,Undergraduate,UAE,6.8,instagram,Yes,6.2,5,In Relationship,4,8,high
538,21,Male,Graduate,Poland,3.9,facebook,No,8.2,7,Single,2,5,medium
539,20,Female,Undergraduate,India,7.1,whatsapp,Yes,5.7,5,In Relationship,4,8,high
540,22,Male,Graduate,Canada,4.5,tiktok,Yes,7.7,7,Single,3,6,high
541,19,Female,Undergraduate,Brazil,5.8,whatsapp,Yes,6.7,6,Single,3,7,high
542,21,Male,Graduate,China,4.1,wechat,No,8.2,7,In Relationship,2,5,high
543,20,Female,Undergraduate,Netherlands,3.4,instagram,No,8.6,8,Single,2,4,medium
544,22,Male,Graduate,New Zealand,4.3,instagram,Yes,7.9,7,In Relationship,3,6,high
545,19,Female,Undergraduate,Singapore,5.5,tiktok,Yes,6.6,6,Single,3,7,high
546,21,Male,Graduate,Malaysia,5.9,whatsapp,Yes,6.4,6,Single,3,7,high
547,20,Female,Undergraduate,UAE,6.9,instagram,Yes,6.1,5,In Relationship,4,8,high
548,22,Male,Graduate,Poland,3.8,facebook,No,8.3,7,Single,2,5,medium
549,19,Female,Undergraduate,India,7.2,whatsapp,Yes,5.6,5,In Relationship,4,8,high
550,21,Male,Graduate,Canada,4.4,instagram,Yes,7.8,7,Single,3,6,high
551,20,Female,Undergraduate,Brazil,5.7,tiktok,Yes,6.8,6,Single,3,7,high
552,22,Male,Graduate,China,4.0,wechat,No,8.3,7,In Relationship,2,5,medium
553,19,Female,Undergraduate,Netherlands,3.3,instagram,No,8.7,8,Single,2,4,medium
554,21,Male,Graduate,New Zealand,4.2,facebook,Yes,8.0,7,In Relationship,3,6,high
555,20,Female,Undergraduate,Singapore,5.6,tiktok,Yes,6.5,6,Single,3,7,high
556,22,Male,Graduate,Malaysia,6.0,whatsapp,Yes,6.3,6,Single,3,7,high
557,19,Female,Undergraduate,UAE,7.0,instagram,Yes,6.0,5,In Relationship,4,8,high
558,21,Male,Graduate,Poland,3.7,facebook,No,8.4,7,Single,2,5,medium
559,20,Female,Undergraduate,India,7.3,whatsapp,Yes,5.5,5,In Relationship,4,8,high
560,22,Male,Graduate,Canada,4.3,tiktok,Yes,7.9,7,Single,3,6,high
561,19,Female,Undergraduate,Brazil,5.6,whatsapp,Yes,6.9,6,Single,3,7,high
562,21,Male,Graduate,China,3.9,wechat,No,8.4,7,In Relationship,2,5,medium
563,20,Female,Undergraduate,Netherlands,3.2,instagram,No,8.8,8,Single,2,4,medium
564,22,Male,Graduate,New Zealand,4.1,instagram,Yes,8.1,7,In Relationship,3,6,high
565,19,Female,Undergraduate,Singapore,5.7,tiktok,Yes,6.4,6,Single,3,7,high
566,21,Male,Graduate,Malaysia,6.1,whatsapp,Yes,6.2,6,Single,3,7,high
567,20,Female,Undergraduate,UAE,7.1,instagram,Yes,5.9,5,In Relationship,4,8,high
568,22,Male,Graduate,Poland,3.6,facebook,No,8.5,7,Single,2,5,medium
569,19,Female,Undergraduate,India,7.4,whatsapp,Yes,5.4,5,In Relationship,4,8,high
570,21,Male,Graduate,Canada,4.2,instagram,Yes,8.0,7,Single,3,6,high
571,20,Female,Undergraduate,Spain,6.1,instagram,Yes,7.2,5,Single,4,7,high
572,23,Male,Graduate,Denmark,3.8,twitter,No,7.8,8,In Relationship,2,4,medium
573,19,Female,Undergraduate,Ireland,5.5,tiktok,Yes,6.8,6,Single,4,8,high
574,22,Male,Graduate,India,7.2,facebook,Yes,5.9,4,Single,5,9,high
575,21,Female,Undergraduate,Switzerland,4.2,instagram,No,7.5,7,In Relationship,2,5,high
576,24,Male,Graduate,Turkey,6.8,tiktok,Yes,6.2,5,Single,4,8,high
577,20,Female,Undergraduate,USA,5.9,instagram,Yes,6.7,6,In Relationship,3,7,high
578,22,Male,Graduate,Mexico,6.5,facebook,Yes,6.1,5,Single,4,8,high
579,19,Female,Undergraduate,France,4.7,twitter,No,7.4,7,Single,2,5,high
580,23,Male,Graduate,Canada,5.2,instagram,Yes,7.0,6,In Relationship,3,6,high
581,21,Female,Undergraduate,UK,6.3,tiktok,Yes,6.4,5,Single,4,8,high
582,24,Male,Graduate,Italy,4.9,facebook,No,7.3,7,In Relationship,2,5,high
583,20,Female,Undergraduate,Russia,6.7,instagram,Yes,6.0,5,Single,4,8,high
584,22,Male,Graduate,China,5.8,wechat,Yes,6.5,6,In Relationship,3,7,high
585,19,Female,Undergraduate,Japan,4.5,twitter,No,7.6,8,Single,2,4,high
586,23,Male,Graduate,Poland,6.4,facebook,Yes,6.3,5,Single,4,8,high
587,21,Female,Undergraduate,Finland,4.1,instagram,No,7.7,7,In Relationship,2,5,high
588,24,Male,Graduate,Spain,6.6,tiktok,Yes,6.2,5,Single,4,8,high
589,20,Female,Undergraduate,Denmark,4.4,instagram,No,7.4,7,In Relationship,2,5,high
590,22,Male,Graduate,Ireland,5.7,twitter,Yes,6.8,6,Single,3,7,high
591,19,Female,Undergraduate,India,7.0,instagram,Yes,5.8,4,Single,5,9,high
592,23,Male,Graduate,Switzerland,4.3,facebook,No,7.5,7,In Relationship,2,5,high
593,21,Female,Undergraduate,Turkey,6.9,tiktok,Yes,6.1,5,Single,4,8,high
594,24,Male,Graduate,USA,5.6,instagram,Yes,6.9,6,In Relationship,3,7,high
595,20,Female,Undergraduate,Mexico,6.2,facebook,Yes,6.3,5,Single,4,8,high
596,21,Male,Undergraduate,France,5.8,instagram,Yes,6.7,6,Single,3,7,high
597,23,Female,Graduate,Canada,4.9,tiktok,No,7.3,7,In Relationship,2,5,high
598,20,Male,Undergraduate,UK,6.4,facebook,Yes,6.2,5,Single,4,8,high
599,22,Female,Graduate,Italy,5.1,twitter,No,7.1,7,In Relationship,2,5,high
600,19,Male,Undergraduate,Russia,6.7,instagram,Yes,6.0,4,Single,4,8,high
601,24,Female,Graduate,China,5.5,wechat,Yes,6.8,6,In Relationship,3,7,high
602,21,Male,Undergraduate,Japan,4.3,twitter,No,7.6,8,Single,2,4,high
603,23,Female,Graduate,Poland,6.2,instagram,Yes,6.4,5,Single,4,8,high
604,20,Male,Undergraduate,Finland,4.5,facebook,No,7.4,7,In Relationship,2,5,high
605,22,Female,Graduate,Spain,6.3,tiktok,Yes,6.3,5,Single,4,8,high
606,19,Male,Undergraduate,Denmark,4.7,instagram,No,7.2,7,In Relationship,2,5,high
607,24,Female,Graduate,Ireland,5.9,twitter,Yes,6.6,6,Single,3,7,high
608,21,Male,Undergraduate,India,7.1,facebook,Yes,5.7,4,Single,5,9,high
609,23,Female,Graduate,Switzerland,4.4,instagram,No,7.4,7,In Relationship,2,5,high
610,20,Male,Undergraduate,Turkey,6.6,tiktok,Yes,6.2,5,Single,4,8,high
611,22,Female,Graduate,USA,5.4,instagram,Yes,6.9,6,In Relationship,3,7,high
612,19,Male,Undergraduate,Mexico,6.5,facebook,Yes,6.1,5,Single,4,8,high
613,24,Female,Graduate,France,4.8,twitter,No,7.3,7,In Relationship,2,5,high
614,21,Male,Undergraduate,Canada,5.7,instagram,Yes,6.7,6,Single,3,7,high
615,23,Female,Graduate,UK,6.1,tiktok,Yes,6.4,5,Single,4,8,high
616,20,Male,Undergraduate,Italy,4.6,facebook,No,7.2,7,In Relationship,2,5,high
617,22,Female,Graduate,Russia,6.8,instagram,Yes,5.9,4,Single,5,9,high
618,19,Male,Undergraduate,China,5.6,wechat,Yes,6.8,6,In Relationship,3,7,high
619,24,Female,Graduate,Japan,4.2,twitter,No,7.5,8,Single,2,4,high
620,21,Male,Undergraduate,Poland,6.3,tiktok,Yes,6.3,5,Single,4,8,high
621,23,Female,Graduate,Finland,4.4,instagram,No,7.4,7,In Relationship,2,5,high
622,20,Male,Undergraduate,Spain,6.5,facebook,Yes,6.2,5,Single,4,8,high
623,22,Female,Graduate,Denmark,4.6,twitter,No,7.3,7,In Relationship,2,5,high
624,19,Male,Undergraduate,Ireland,5.8,instagram,Yes,6.6,6,Single,3,7,high
625,24,Female,Graduate,India,7.0,tiktok,Yes,5.8,4,Single,5,9,high
626,21,Male,Undergraduate,Switzerland,4.5,facebook,No,7.3,7,In Relationship,2,5,high
627,23,Female,Graduate,Turkey,6.7,instagram,Yes,6.1,5,Single,4,8,high
628,20,Male,Undergraduate,USA,5.5,twitter,Yes,6.8,6,In Relationship,3,7,high
629,22,Female,Graduate,Mexico,6.4,facebook,Yes,6.2,5,Single,4,8,high
630,19,Male,Undergraduate,France,4.7,instagram,No,7.2,7,In Relationship,2,5,high
631,24,Female,Graduate,Canada,5.6,tiktok,Yes,6.7,6,Single,3,7,high
632,21,Male,Undergraduate,UK,6.2,facebook,Yes,6.3,5,Single,4,8,high
633,23,Female,Graduate,Italy,4.8,twitter,No,7.1,7,In Relationship,2,5,high
634,20,Male,Undergraduate,Russia,6.9,instagram,Yes,5.9,4,Single,5,9,high
635,22,Female,Graduate,China,5.7,wechat,Yes,6.7,6,In Relationship,3,7,high
636,19,Male,Undergraduate,Japan,4.4,twitter,No,7.4,8,Single,2,4,high
637,24,Female,Graduate,Poland,6.1,tiktok,Yes,6.4,5,Single,4,8,high
638,21,Male,Undergraduate,Finland,4.3,instagram,No,7.5,7,In Relationship,2,5,high
639,23,Female,Graduate,Spain,6.4,facebook,Yes,6.2,5,Single,4,8,high
640,20,Male,Undergraduate,Denmark,4.5,twitter,No,7.3,7,In Relationship,2,5,high
641,22,Female,Graduate,Ireland,5.9,instagram,Yes,6.5,6,Single,3,7,high
642,19,Male,Undergraduate,India,7.2,tiktok,Yes,5.7,4,Single,5,9,high
643,24,Female,Graduate,Switzerland,4.6,facebook,No,7.2,7,In Relationship,2,5,high
644,21,Male,Undergraduate,Turkey,6.8,instagram,Yes,6.0,5,Single,4,8,high
645,23,Female,Graduate,USA,5.3,twitter,Yes,6.8,6,In Relationship,3,7,high
646,22,Male,Graduate,Mexico,6.3,facebook,Yes,6.2,5,Single,4,8,high
647,20,Female,Undergraduate,France,4.8,instagram,No,7.1,7,In Relationship,2,5,high
648,23,Male,Graduate,Canada,5.7,tiktok,Yes,6.6,6,Single,3,7,high
649,21,Female,Undergraduate,UK,6.2,twitter,Yes,6.3,5,Single,4,8,high
650,24,Male,Graduate,Italy,4.7,facebook,No,7.2,7,In Relationship,2,5,high
651,19,Female,Undergraduate,Russia,6.8,instagram,Yes,5.9,4,Single,5,9,high
652,22,Male,Graduate,China,5.6,wechat,Yes,6.7,6,In Relationship,3,7,high
653,20,Female,Undergraduate,Japan,4.3,twitter,No,7.5,8,Single,2,4,high
654,23,Male,Graduate,Poland,6.2,tiktok,Yes,6.3,5,Single,4,8,high
655,21,Female,Undergraduate,Finland,4.4,instagram,No,7.4,7,In Relationship,2,5,high
656,24,Male,Graduate,Spain,6.5,facebook,Yes,6.1,5,Single,4,8,high
657,19,Female,Undergraduate,Denmark,4.6,twitter,No,7.3,7,In Relationship,2,5,high
658,22,Male,Graduate,Ireland,5.8,instagram,Yes,6.6,6,Single,3,7,high
659,20,Female,Undergraduate,India,7.1,tiktok,Yes,5.8,4,Single,5,9,high
660,23,Male,Graduate,Switzerland,4.5,facebook,No,7.3,7,In Relationship,2,5,high
661,21,Female,Undergraduate,Turkey,6.7,instagram,Yes,6.0,5,Single,4,8,high
662,24,Male,Graduate,USA,5.4,twitter,Yes,6.8,6,In Relationship,3,7,high
663,19,Female,Undergraduate,Mexico,6.4,tiktok,Yes,6.2,5,Single,4,8,high
664,22,Male,Graduate,France,4.7,facebook,No,7.2,7,In Relationship,2,5,high
665,20,Female,Undergraduate,Canada,5.6,instagram,Yes,6.7,6,Single,3,7,high
666,23,Male,Graduate,UK,6.3,twitter,Yes,6.2,5,Single,4,8,high
667,21,Female,Undergraduate,Italy,4.8,tiktok,No,7.1,7,In Relationship,2,5,high
668,24,Male,Graduate,Russia,6.9,instagram,Yes,5.9,4,Single,5,9,high
669,19,Female,Undergraduate,China,5.7,wechat,Yes,6.7,6,In Relationship,3,7,high
670,22,Male,Graduate,Japan,4.4,twitter,No,7.4,8,Single,2,4,high
671,20,Female,Undergraduate,Poland,6.1,facebook,Yes,6.4,5,Single,4,8,high
672,23,Male,Graduate,Finland,4.3,instagram,No,7.5,7,In Relationship,2,5,high
673,21,Female,Undergraduate,Spain,6.4,tiktok,Yes,6.2,5,Single,4,8,high
674,24,Male,Graduate,Denmark,4.5,twitter,No,7.3,7,In Relationship,2,5,high
675,19,Female,Undergraduate,Ireland,5.9,instagram,Yes,6.5,6,Single,3,7,high
676,22,Male,Graduate,India,7.2,facebook,Yes,5.7,4,Single,5,9,high
677,20,Female,Undergraduate,Switzerland,4.6,tiktok,No,7.2,7,In Relationship,2,5,high
678,23,Male,Graduate,Turkey,6.8,instagram,Yes,6.0,5,Single,4,8,high
679,21,Female,Undergraduate,USA,5.3,twitter,Yes,6.8,6,In Relationship,3,7,high
680,24,Male,Graduate,Mexico,6.2,facebook,Yes,6.3,5,Single,4,8,high
681,19,Female,Undergraduate,France,4.7,instagram,No,7.2,7,In Relationship,2,5,high
682,22,Male,Graduate,Canada,5.8,tiktok,Yes,6.6,6,Single,3,7,high
683,20,Female,Undergraduate,UK,6.1,twitter,Yes,6.4,5,Single,4,8,high
684,23,Male,Graduate,Italy,4.8,facebook,No,7.1,7,In Relationship,2,5,high
685,21,Female,Undergraduate,Russia,6.7,instagram,Yes,6.0,4,Single,5,9,high
686,24,Male,Graduate,China,5.5,wechat,Yes,6.8,6,In Relationship,3,7,high
687,19,Female,Undergraduate,Japan,4.2,twitter,No,7.5,8,Single,2,4,high
688,22,Male,Graduate,Poland,6.3,tiktok,Yes,6.2,5,Single,4,8,high
689,20,Female,Undergraduate,Finland,4.4,instagram,No,7.4,7,In Relationship,2,5,high
690,23,Male,Graduate,Spain,6.5,facebook,Yes,6.1,5,Single,4,8,high
691,21,Female,Undergraduate,Denmark,4.6,twitter,No,7.3,7,In Relationship,2,5,high
692,24,Male,Graduate,Ireland,5.9,instagram,Yes,6.5,6,Single,3,7,high
693,19,Female,Undergraduate,India,7.0,tiktok,Yes,5.8,4,Single,5,9,high
694,22,Male,Graduate,Switzerland,4.5,facebook,No,7.3,7,In Relationship,2,5,high
695,20,Female,Undergraduate,Turkey,6.6,instagram,Yes,6.1,5,Single,4,8,high
696,23,Male,Graduate,USA,5.5,twitter,Yes,6.7,6,In Relationship,3,7,high
697,21,Female,Undergraduate,Mexico,6.3,tiktok,Yes,6.2,5,Single,4,8,high
698,24,Male,Graduate,France,4.8,facebook,No,7.1,7,In Relationship,2,5,high
699,19,Female,Undergraduate,Canada,5.7,instagram,Yes,6.6,6,Single,3,7,high
700,22,Male,Graduate,UK,6.2,twitter,Yes,6.3,5,Single,4,8,high
701,20,Female,Undergraduate,Italy,4.7,tiktok,No,7.2,7,In Relationship,2,5,high
702,23,Male,Graduate,Russia,6.8,instagram,Yes,5.9,4,Single,5,9,high
703,21,Female,Undergraduate,China,5.6,wechat,Yes,6.7,6,In Relationship,3,7,high
704,24,Male,Graduate,Japan,4.3,twitter,No,7.5,8,Single,2,4,high
705,19,Female,Undergraduate,Poland,6.2,facebook,Yes,6.3,5,Single,4,8,high
